<?xml version="1.0" encoding="UTF-8"?>
<model package="mailing" baseClass="xPDOObject" platform="mysql" defaultEngine="InnoDB" tablePrefix="mailing_" phpdoc-package="mailing" phpdoc-subpackage="" version="1.1">
    <object class="mailingTemplate" table="templates" extends="xPDOSimpleObject">
        <field key="name" dbtype="varchar" precision="255" phptype="string" null="true"/>
        <field key="description" dbtype="text" phptype="string" null="true"/>
        <field key="user_group_id" dbtype="int" precision="10" attributes="unsigned" phptype="integer" null="false"/>
        <field key="email_from" dbtype="varchar" precision="255" phptype="string" null="true"/>
        <field key="email_from_name" dbtype="varchar" precision="255" phptype="string" null="true"/>
        <field key="email_subject" dbtype="varchar" precision="255" phptype="string" null="true"/>
        <field key="content" dbtype="text" phptype="string" null="true"/>
        <field key="created_on" dbtype="datetime" phptype="datetime" null="true"/>
        <field key="created_by" dbtype="int" precision="10" attributes="unsigned" phptype="integer" null="false" default="0"/>
        <field key="updated_on" dbtype="datetime" phptype="datetime" null="true"/>
        <field key="updated_by" dbtype="int" precision="10" attributes="unsigned" phptype="integer" null="false" default="0"/>
        <field key="properties" dbtype="text" phptype="json" null="true"/>
        <!--Indexes-->
        <index alias="user_group_id" name="user_group_id" primary="false" unique="false" type="BTREE">
            <column key="user_group_id" length="" collation="A" null="false"/>
        </index>
        <!--Validation-->
        <validation>
            <rule field="name" name="preventBlank" type="xPDOValidationRule" rule="xPDOMinLengthValidationRule" value="1" message="field_required"/>
            <rule field="user_group_id" name="checkUserGroupExistence" type="xPDOValidationRule" rule="xPDOForeignKeyConstraint" foreign="id" local="user_group_id" alias="UserGroup" class="modUserGroup" message="no_records_found"/>
        </validation>
        <!--Links-->
        <composite alias="Queues" class="mailingQueue" local="id" foreign="template_id" cardinality="many" owner="local"/>
        <aggregate alias="UserGroup" class="modUserGroup" local="user_group_id" foreign="id" cardinality="one" owner="foreign"/>
        <aggregate alias="Logs" class="mailingLog" local="id" foreign="template_id" cardinality="many" owner="local"/>
    </object>

    <object class="mailingQueue" table="queues" extends="xPDOSimpleObject">
        <field key="template_id" dbtype="int" precision="10" attributes="unsigned" phptype="integer" null="false"/>
        <field key="user_id" dbtype="int" precision="10" attributes="unsigned" phptype="integer" null="false"/>
        <field key="status" dbtype="tinyint" precision="1" phptype="integer" attributes="unsigned" null="false" default="0"/>
        <field key="created_on" dbtype="datetime" phptype="datetime" null="true"/>
        <field key="created_by" dbtype="int" precision="10" attributes="unsigned" phptype="integer" null="false" default="0"/>
        <field key="updated_on" dbtype="datetime" phptype="datetime" null="true"/>
        <field key="updated_by" dbtype="int" precision="10" attributes="unsigned" phptype="integer" null="false" default="0"/>
        <!--Indexes-->
        <index alias="queue" name="queue" primary="false" unique="true" type="BTREE">
            <column key="template_id" length="" collation="A" null="false" />
            <column key="user_id" length="" collation="A" null="false" />
        </index>
        <index alias="status" name="status" primary="false" unique="false" type="BTREE">
            <column key="status" length="" collation="A" null="false"/>
        </index>
        <!--Links-->
        <composite alias="Logs" class="mailingLog" local="id" foreign="queue_id" cardinality="many" owner="local"/>
        <aggregate alias="Template" class="mailingTemplate" local="template_id" foreign="id" cardinality="one" owner="foreign"/>
        <aggregate alias="User" class="modUser" local="user_id" foreign="id" cardinality="one" owner="foreign"/>
    </object>

    <object class="mailingLog" table="logs" extends="xPDOSimpleObject">
        <field key="queue_id" dbtype="int" precision="10" attributes="unsigned" phptype="integer" null="false"/>
        <field key="status" dbtype="tinyint" precision="1" phptype="integer" attributes="unsigned" null="false" default="0"/>
        <field key="created_on" dbtype="datetime" phptype="datetime" null="true" default="NULL"/>
        <field key="created_by" dbtype="int" precision="10" attributes="unsigned" phptype="integer" null="false" default="0"/>
        <field key="properties" dbtype="text" phptype="json" null="true"/>
        <!--Indexes-->
        <index alias="queue_id" name="queue_id" primary="false" unique="false" type="BTREE">
            <column key="queue_id" length="" collation="A" null="false"/>
        </index>
        <index alias="status" name="status" primary="false" unique="false" type="BTREE">
            <column key="status" length="" collation="A" null="false"/>
        </index>
        <!--Links-->
        <aggregate alias="Queue" class="mailingQueue" local="queue_id" foreign="id" cardinality="one" owner="foreign"/>
    </object>
</model>
